solution_id,ω1,ω2,ω3,ω4,ω5,ω6,ω7,ω8,ω9,ω10,I_lx,D_relic,F,Rf,Rg,CCT_K,Duv
0,0.0794686860578,0.00954670450343,0.0119671234802,0.184169813075,0.118831919573,0.00234078095984,0.0466002104322,0.412262751254,0.0593295267509,0.0754824839132,298.265688763,1.07958243163,10.8166927521,75.0025465113,121.739777954,2776.64429292,-0.00466557014191
1,0.0810480236181,0.00321665084463,0.0402210629144,0.185814993782,0.125907171621,0.00831653474004,0.0090157346307,0.419723813337,0.0478639024293,0.0788721120831,49.8746012196,0.504167498921,6.59019969696,74.6297366467,118.345666405,3112.80073774,0.00141660135734
2,0.0816678490451,0.00970153866511,0.08477673197,0.1690891291,0.110793749378,0.00773861454788,0.0165798575356,0.397091443332,0.0470639042333,0.0754971821928,128.840002511,0.812265830261,7.98698387177,70.9958520198,115.877771142,3319.11219864,0.00105196325142
3,0.0886980722846,0.00885046219998,0.0040302724785,0.171208542521,0.157296705522,0.00807580665775,0.00925880782433,0.419558828276,0.0503694325731,0.0826530696634,50.6442298242,0.501061962148,6.52878293317,79.3469939178,120.243307588,2928.61261468,-0.0032772289443
4,0.0748571936839,0.00836336061987,0.0858150998803,0.186950344567,0.104678590776,0.00388240062726,0.0409902657747,0.376724269632,0.0522504111191,0.0654880633201,298.719928933,1.24067909762,10.8715916083,70.6641963732,112.881384925,3383.9423171,0.00538495366926
5,0.0836551992767,0.0116580108883,0.0115770458762,0.209004203419,0.116560540803,0.00479867708497,0.00828821791344,0.418377938314,0.0476156524382,0.0884645139855,298.719928933,1.08971690066,10.8484096604,73.429337866,120.823204084,3171.99614208,0.0003571463374
6,0.0747992964705,0.00330688399914,0.00317601633438,0.201601375838,0.122259543385,0.00786789607909,0.0435501457431,0.418526904105,0.0551788222254,0.0697331158205,115.958698122,0.70081323104,7.70188384793,75.6370885984,120.138828673,2811.09198029,-0.000274962883695
7,0.0806473521959,0.0113214655322,0.0112728716943,0.203512847223,0.113214032621,0.00423080397955,0.0440444225493,0.410311575185,0.0463754425344,0.075069186486,128.599951252,0.759805636568,7.93736449056,74.5052746201,120.584995941,2939.73931202,-0.00217087733634
8,0.0782120710828,0.00226372650625,0.092948612598,0.148716117092,0.0989578251149,0.0187476202013,0.0461725141847,0.396447255177,0.0544837941209,0.0630504639223,8.14472015347,0.266162430283,5.94982652683,70.1757730366,116.118141948,2885.02310448,-0.0042083644807
9,0.0869840168581,0.0033576327148,0.00322054156841,0.198557580251,0.126040300612,0.00347188648601,0.00841046699265,0.445432643633,0.0331747262563,0.091350204628,194.178459555,0.834344978312,9.07830115925,73.4309250804,123.197691063,2930.11443154,-0.00245801911001
10,0.0963273340797,0.0036097714041,0.00685954540806,0.193031929677,0.145133234175,0.0073427671596,0.00728965850164,0.450106669724,0.0329068930836,0.0573921967875,113.251139225,0.667514230873,7.65156568234,76.2352540249,122.098544649,2968.31581442,-0.00316609189624
11,0.0795651894729,0.00957987000662,0.0119816558494,0.184384447216,0.118890557884,0.00253199342845,0.0466567997591,0.411433765709,0.0594015740218,0.0755741466529,298.676818137,1.0827420857,10.8223809717,75.0680581296,121.67735053,2781.49036932,-0.00460650396008
12,0.0790216189344,0.00252421721828,0.0129143560009,0.184172785989,0.112487909979,0.00682185396367,0.0454865891175,0.420883054981,0.0510848656543,0.0846027481614,17.1567830404,0.319604007848,6.0640818002,73.6093957583,122.592072135,2699.72050529,-0.00453414159154
13,0.0811045982569,0.00962542090558,0.0762007449349,0.167722168595,0.109961749887,0.0202451160101,0.00709525362243,0.393735935647,0.0594041768494,0.0749048352922,56.010068197,0.572782991413,6.72598735825,72.3448120991,115.892668193,3252.55097719,0.000233802445589
14,0.0824834860266,0.00953828789508,0.0133453352019,0.191738146167,0.122196423171,0.00502423088796,0.0480185283363,0.427228585587,0.0529579187307,0.0474690579959,31.9166510059,0.410130650854,6.28380936318,75.2285385973,121.370484079,2788.17757547,-0.00439228289375
15,0.0794863245943,0.00904097727182,0.0115129705465,0.184327861534,0.118933897207,0.00234278974086,0.0466402011959,0.412787276024,0.059380441394,0.0755472604914,296.125679093,1.07400551452,10.7810015699,74.9708658752,121.789915074,2771.58723575,-0.00462311989903
16,0.0800203889501,0.00245325256231,0.011725984327,0.184165831467,0.112422933963,0.00677312136346,0.0454848715049,0.420888375499,0.051082936646,0.0849823037173,14.9871756887,0.303626844186,6.02908321136,73.5521607523,122.895985813,2695.54267127,-0.0048610622039
17,0.0822061448357,0.0117127507004,0.0929375002826,0.168969804294,0.118348973256,0.00617255892627,0.00934884533614,0.405494592551,0.0335947606726,0.071214069145,5.35663107411,0.231302315345,5.87660603949,71.4181181409,114.550439875,3430.48834233,0.00275302850859
18,0.0809878903943,0.00321426426472,0.0401912210741,0.185677129167,0.12581375535,0.00831036432376,0.00900904544615,0.419412401104,0.0485703356083,0.0788135932673,49.8746012196,0.504396921391,6.59046992783,74.6159825327,118.357803385,3111.88127838,0.00140224083368
19,0.0762340024798,0.0022079087427,0.0808582365045,0.181144374785,0.0964550737599,0.0178403455321,0.0442776981733,0.38642067159,0.0531058395286,0.0614558489049,10.1553012695,0.298410261966,5.97233660881,70.5431102839,114.309787351,3121.44513813,0.00164601519325
20,0.0782120710828,0.00226372650625,0.092948612598,0.148716117092,0.0989578251149,0.0187476202013,0.0461725141847,0.396447255177,0.0544837941209,0.0630504639223,8.14472015347,0.266162430283,5.94982652683,70.1757730366,116.118141948,2885.02310448,-0.0042083644807
21,0.0859300047887,0.00703870861494,0.0118062690828,0.196621341403,0.119203639854,0.00489368993715,0.00918925061979,0.426742994391,0.0485584328893,0.09001566842,24.580540276,0.369885073157,6.19604452236,73.2233710148,122.324214972,3018.30452046,-0.00223535564263
22,0.0806816329842,0.00302165489077,0.0919685069272,0.165234013144,0.118274577903,0.0077661916413,0.00832347059191,0.40547837386,0.0452795923073,0.0739719857504,49.8746012196,0.533678272301,6.63507042978,71.3676273564,114.817291368,3327.92568277,0.00314286588765
23,0.095007060594,0.00275064878892,0.0305802918323,0.198015288348,0.120724546435,0.0211259612023,0.00669572594924,0.419384036385,0.0311080593565,0.0746083811087,129.852724113,0.767188075969,7.94685979607,75.0930448945,119.981749789,3164.5852934,-0.000770400139441
24,0.0950318024585,0.0113507966224,0.0112986929599,0.207384099964,0.132680941244,0.00613440956688,0.0098799166975,0.406181904158,0.0486835334705,0.0713739028585,1.04494569098,0.131539418145,5.73514197114,76.4429156013,120.302486539,3294.19472109,0.000402801457768
25,0.0781916710663,0.00276011911649,0.0149484777808,0.185615607792,0.109975117784,0.00725396353813,0.0455219164655,0.430572753347,0.033700075608,0.0914602975017,1.57755982185,0.135621736501,5.80789753444,73.0863543475,122.515680459,2686.75228463,-0.00457700362875
26,0.0926415733761,0.0113414530926,0.00612379603895,0.214475637006,0.113512339816,0.00452391529427,0.00822727253379,0.398761416976,0.0761399754521,0.0742526204138,298.30879956,1.14834928778,10.8554051798,72.8762321931,122.350511505,3286.20689809,-0.00039500672959
27,0.0953143396593,0.00274332055562,0.0133355388705,0.190292503137,0.122969103891,0.00730746567214,0.00654798743174,0.43554569299,0.0525297953679,0.0734142524252,3.74144663386,0.183032186268,5.85024600628,73.0088990905,123.930899347,2960.31168686,-0.00485463659833
28,0.0795461931838,0.0269510448798,0.0243789554149,0.195820406272,0.110933573292,0.00636622387249,0.0102532706452,0.41918111769,0.0578452767476,0.0687239380023,2.77159259324,0.173871966045,5.82776295297,72.7125768715,120.253228567,3139.89243764,-0.00331448954174
29,0.0836796085951,0.0012597695044,0.00638435611812,0.22052994634,0.110422318437,0.00474736012471,0.0464066898806,0.417819914883,0.0311846370595,0.0775653990578,117.633679992,0.719289625364,7.76833648324,73.5044301025,120.713078371,2972.41552085,0.000391544305177
30,0.0810170488063,0.00962251918297,0.0840862215583,0.167711890306,0.10398989277,0.00429338518737,0.0392901312276,0.394533976183,0.0469978777266,0.0684570570523,128.831423707,0.812813706246,8.00037995102,70.2337834718,116.073355672,3159.03359299,-0.00150896765269
31,0.0857293284592,0.00365148301243,0.0287369664957,0.173407118099,0.131776588192,0.0064812848193,0.0107318067861,0.450732190682,0.0311863164422,0.0775669170121,211.817596145,0.862968177816,9.35445784166,74.5734856519,121.769321093,2851.39133017,-0.00418333372889
32,0.0809158312785,0.00106576918975,0.00327025458942,0.19860723325,0.117766893599,0.00437637915725,0.041446665897,0.406475416079,0.0547412994256,0.0913342575349,285.982884515,1.06862317974,10.6140904114,74.6145778599,121.609732767,2857.6195048,-0.00146158978861
33,0.0900461637347,0.00337587013975,0.0851520159372,0.180524098195,0.135729079957,0.00686698009991,0.00681731270757,0.419185371621,0.0307746350992,0.0415284725081,56.3115317909,0.556911343574,6.68889703276,74.6242535229,114.7377674,3447.40368056,0.00476573072036
34,0.0775798073876,0.00972276103931,0.0114504025859,0.207934586712,0.114966822272,0.00265976024833,0.0451690333717,0.429655073538,0.0285364510155,0.0723253018299,229.221214129,0.936487930671,9.65275037322,74.1538186266,120.201549896,2895.45793279,-0.00125634220612
35,0.0861719395605,0.00334167701501,0.0032052373351,0.197719843997,0.125441348502,0.00846114448026,0.00840971188067,0.443315917314,0.0330170776933,0.0909161022218,43.199044509,0.443782522214,6.50173956889,73.9505412441,122.838337796,2910.70659073,-0.00244268119005
36,0.0849174023744,0.00271150230159,0.0146986806035,0.182015740947,0.124199464473,0.00694949964745,0.0139582796878,0.429872543266,0.0517720674968,0.0889048192025,5.92991378599,0.214281334744,5.86664161785,74.0163542064,122.703701665,2862.53631569,-0.00372063428539
37,0.0798846264922,0.00267895714675,0.0129333873473,0.186133666651,0.118352295664,0.00486592925723,0.0465055780937,0.408287375982,0.0512893399806,0.0890688433861,31.9166510059,0.420539062481,6.28694360218,75.0337875192,121.311640968,2790.09152464,-0.00305507028967
38,0.0864017874796,0.00129971022543,0.00658677075491,0.224337432322,0.121622684098,0.00487930374185,0.0106811458446,0.430974171846,0.0331924003437,0.0800245933426,117.633679992,0.705037056233,7.7668027439,73.5500558174,120.460377643,3180.4401231,0.00330064524082
39,0.0824813225451,0.028684496978,0.0152627383191,0.203045871137,0.115019907383,0.00636960586728,0.0105848680166,0.436304532253,0.0309869143253,0.0712597431765,221.120351969,0.929861510046,9.52863637108,73.468449235,120.851341531,3111.6546314,-0.00398486331513
