Wavelength_nm,保护优先,展示优先,综合折中,D55
380,2.88125085503e-10,2.43102413937e-10,2.40513689911e-10,0.0
381,5.24410033703e-10,4.42465274323e-10,4.37753596681e-10,0.0
382,9.4603614691e-10,7.98207730604e-10,7.8970786262e-10,0.00153091530648
383,1.69157510822e-09,1.42724813561e-09,1.41204981568e-09,0.00297015242985
384,2.99793117626e-09,2.5294718845e-09,2.50253633931e-09,0.00332674594036
385,5.26621819107e-09,4.44331442219e-09,4.39599899796e-09,0.00306649841362
386,9.16901867854e-09,7.7362599461e-09,7.65387905625e-09,0.00258161993433
387,1.58231769381e-08,1.33506336932e-08,1.32084672878e-08,0.00206490644392
388,2.70652055992e-08,2.28359732223e-08,2.25928008455e-08,0.00219612574961
389,4.588553463e-08,3.8715421281e-08,3.83031546005e-08,0.00271031655835
390,7.71058061676e-08,6.50571859267e-08,6.43644161101e-08,0.00332178979446
391,1.28423703343e-07,1.08356103427e-07,1.07202261319e-07,0.00395916847615
392,2.12006960171e-07,1.78878566652e-07,1.76973761778e-07,0.0041245650044
393,3.46898060824e-07,2.92691463699e-07,2.89574718788e-07,0.00411431891057
394,5.62600935962e-07,4.74688413448e-07,4.69633675482e-07,0.00432056005152
395,9.0436939221e-07,7.63051819543e-07,7.54926459425e-07,0.00491512828441
396,1.44091409577e-06,1.21575555234e-06,1.2028096262e-06,0.00571950228392
397,2.27550165716e-06,1.91992967786e-06,1.8994854784e-06,0.00717718587026
398,3.56174692061e-06,3.0051850247e-06,2.97318476499e-06,0.00988089474292
399,5.52580808997e-06,4.66234007008e-06,4.61269418909e-06,0.0142127718364
400,8.49719103112e-06,7.16941171729e-06,7.09307048508e-06,0.0207907695045
401,1.29509556326e-05,1.09272264225e-05,1.08108724506e-05,0.0298390297002
402,1.95647861533e-05,1.65075726264e-05,1.6331800819e-05,0.0414227740822
403,2.92951185332e-05,2.47174322535e-05,2.44542461186e-05,0.0557736666829
404,4.34772721914e-05,3.66834656732e-05,3.62928745545e-05,0.0733982887105
405,6.3955250323e-05,5.39615290313e-05,5.33869800791e-05,0.0943764812668
406,9.32474617208e-05,7.86764998106e-05,7.78388225665e-05,0.118526466082
407,0.000134754957821,0.000113697973879,0.000112487456481,0.145892630685
408,0.000193018717239,0.000162857345403,0.000161123503301,0.178741051175
409,0.000274031862074,0.000231211234168,0.000228749780269,0.216187125051
410,0.000385611247527,0.000325355007466,0.000321891494063,0.254534344983
411,0.000537830410718,0.000453788071547,0.000448957658565,0.29220634041
412,0.000743512188029,0.000627329505356,0.000620652327637,0.32604337937
413,0.00101877424461,0.000859578334751,0.000850430006135,0.354858689825
414,0.00138361421122,0.00116740721972,0.00115498413753,0.380112511799
415,0.001862513116,0.00157147157,0.0015547508839,0.401483005862
416,0.0024850265155,0.00209670827109,0.00207440266766,0.417339068779
417,0.00328632255572,0.00277278961716,0.00274329745507,0.427402586474
418,0.00430761574803,0.00363448923254,0.0035958410466,0.434251444131
419,0.00559643539178,0.00472190844757,0.00467171142,0.438708520729
420,0.0072066594188,0.00608050470995,0.00601588737003,0.441750971489
421,0.00919823926998,0.00776085925177,0.0076784193865,0.44423020325
422,0.0116365406526,0.00981812058586,0.00971388008627,0.446581645826
423,0.0145912300711,0.0123110646564,0.0121804357373,0.449480588853
424,0.0181346491131,0.0153007226651,0.0151384905179,0.454240182356
425,0.0223396385048,0.018848544489,0.0186488718869,0.461835497326
426,0.027276802267,0.0230140894969,0.0227705490952,0.471090508525
427,0.0330112385496,0.0278522671474,0.0275579071318,0.482002219876
428,0.0395988066315,0.0334101859543,0.0330576342255,0.494530423162
429,0.0470820469679,0.0397237093961,0.039305320583,0.508640424682
430,0.0554859198868,0.0468138584545,0.0463219067043,0.524456626753
431,0.0648135746291,0.0546832393682,0.0541101580644,0.542020887605
432,0.0750423993364,0.0633127080354,0.0626513753898,0.561628125396
433,0.0861206295717,0.0726585052832,0.0719025722153,0.583635481156
434,0.0979648034725,0.0826501061311,0.0817943600937,0.607077045806
435,0.110458341939,0.093189018034,0.0922297736255,0.631648869537
436,0.123451499862,0.104148735809,0.103084240286,0.657164761379
437,0.136762878568,0.115376013906,0.114206853269,0.683529802149
438,0.150182611773,0.126693551038,0.125423040363,0.709885420474
439,0.163477240987,0.137904100954,0.136538641278,0.735743082167
440,0.176396187327,0.148795931259,0.147345314681,0.76055537362
441,0.18867961272,0.159149456076,0.157627100912,0.783675098842
442,0.200067353486,0.168744775566,0.167167874464,0.804966175162
443,0.210308512815,0.177369773952,0.175759339737,0.8240530943
444,0.219171224755,0.184828365312,0.18320916199,0.840311977559
445,0.226452058966,0.190948439762,0.189348789433,0.852392766724
446,0.231984528139,0.195589056329,0.1940405166,0.861830147809
447,0.235646191501,0.198646455283,0.197183365959,0.868845483119
448,0.23736391759,0.200058521343,0.198717423565,0.873725353904
449,0.237116973332,0.199807416606,0.198626352045,0.877108141608
450,0.234937737344,0.197920212274,0.196937914235,0.878489463232
451,0.230909983272,0.194467472805,0.193722465138,0.877871142475
452,0.225164832404,0.189559875505,0.189089498756,0.875218529058
453,0.217874621605,0.18334307234,0.183182459566,0.870045390128
454,0.209245061076,0.175991109296,0.176172136138,0.863114118651
455,0.199506156599,0.167698803353,0.168249038203,0.854648508531
456,0.188902435319,0.158673532009,0.159615212086,0.844872440515
457,0.177683038602,0.149126911612,0.1504759693,0.834006582163
458,0.166092229298,0.13926682806,0.14103198865,0.822279156364
459,0.154360806882,0.129290239098,0.131472205891,0.80991552019
460,0.142698838191,0.119377096366,0.121967831762,0.797140770186
461,0.131290002321,0.109685644583,0.112667746231,0.784358725387
462,0.120287725471,0.100349252909,0.103695412318,0.771552711975
463,0.109813155528,0.0914748282153,0.0951473458311,0.7588699285
464,0.0999549069063,0.0831427599678,0.0870930760322,0.746464086723
465,0.0907704021488,0.0754082585532,0.0795764441999,0.734582167577
466,0.0822885546898,0.0683038786943,0.0726180176566,0.723256606848
467,0.0745134811289,0.061842970233,0.0662183498835,0.712592484329
468,0.0674289030323,0.0560237713038,0.060361794127,0.702703868039
469,0.0610028968066,0.0508338528869,0.0550205777622,0.694054107756
470,0.0551926726558,0.0462546363976,0.05015886509,0.686326661461
471,0.0499491054763,0.0422657335534,0.0457365732735,0.67942839025
472,0.0452207961737,0.038848895781,0.041712754953,0.67331930301
473,0.0409575053148,0.0359914042239,0.0380484165278,0.667656196985
474,0.0371128664431,0.0336887767084,0.0347086981129,0.662753573386
475,0.0336463486414,0.0319467112914,0.0316643953071,0.658776824331
476,0.0305244929019,0.0307822248008,0.028892850548,0.655826253257
477,0.027721491685,0.0302239778181,0.026378280489,0.654420224855
478,0.0252192141412,0.030311804765,0.0241116341426,0.654198688865
479,0.0230068004883,0.0310954900575,0.022090094212,0.654941325094
480,0.0210799586705,0.0326328503077,0.0203163417021,0.656545268244
481,0.019440096156,0.0349872002508,0.0187977028922,0.658605874273
482,0.0180934114774,0.0382242983152,0.0175452897679,0.661331131695
483,0.0170500560031,0.0424088878882,0.0165732319248,0.664878095718
484,0.0163234584011,0.0476009728586,0.0158980814985,0.669297960175
485,0.0159298839713,0.0538519903088,0.0155384542734,0.674802491242
486,0.0158882796254,0.0612010674445,0.0155149507451,0.681290777581
487,0.0162204334017,0.069671571011,0.0158503810598,0.688658130193
488,0.0169514551604,0.0792681716733,0.0165702974678,0.696869204057
489,0.0181105622771,0.0899746488055,0.0177038169307,0.706008497221
490,0.019732130347,0.101752648619,0.01928469441,0.715938711213
491,0.0218569438138,0.114541577107,0.0213525837953,0.726493151273
492,0.0245335550374,0.128259756866,0.0239543984273,0.737568083672
493,0.0278196331725,0.142806903468,0.0271456572542,0.748941190835
494,0.0317831576075,0.158067885207,0.0309916770967,0.760597492379
495,0.0365032866787,0.173917624818,0.0355684482881,0.772579801806
496,0.0420707137586,0.190226890894,0.0409630128771,0.784856595177
497,0.048587313026,0.206868620025,0.0472731549532,0.797534689141
498,0.0561648799676,0.223724319243,0.0546062150791,0.810494588
499,0.0649227904824,0.240690033702,0.0630768587606,0.823512671537
500,0.0749844402595,0.257681337028,0.0728036651666,0.836467533514
501,0.0864723845539,0.274636819637,0.0839044585772,0.849178106686
502,0.0995021775334,0.291519618213,0.0964903812452,0.861552685054
503,0.114175007771,0.308316647499,0.110658800351,0.873563739448
504,0.130569337552,0.325035358634,0.126485249019,0.885131548175
505,0.148731871357,0.341698046238,0.144014715078,0.896122025949
506,0.168668293885,0.358333944341,0.163252702452,0.906473514378
507,0.190334319467,0.374969570559,0.184156588236,0.916204250452
508,0.213627671211,0.391617977983,0.206627872549,0.92527584965
509,0.238381648431,0.408267734413,0.230505957365,0.933506723674
510,0.264360935679,0.424872550286,0.255564085588,0.940879764489
511,0.291260249218,0.44134250551,0.281508016361,0.947650203095
512,0.318706304852,0.457537773122,0.307977904609,0.953898369083
513,0.346263426907,0.473265603282,0.334553694409,0.959801421773
514,0.37344290958,0.488281121429,0.360764134385,0.965447593451
515,0.399716001604,0.50229222415,0.386099291225,0.970687080283
516,0.424530130209,0.514968546637,0.410026191112,0.975511284831
517,0.447327730962,0.525954152489,0.432006977821,0.97994295991
518,0.46756682757,0.53488328846,0.451518761173,0.983983842375
519,0.484742330798,0.541398281405,0.468074160322,0.987539968315
520,0.498406916105,0.54516845684,0.481241440299,0.990570782138
521,0.50819030827,0.545908847056,0.490663109643,0.992901469285
522,0.513815854624,0.543397442811,0.496071898203,0.994395252339
523,0.515113405662,0.537489828214,0.497303166375,0.995447873954
524,0.512027734153,0.528130216661,0.494303001871,0.996174400843
525,0.504621995927,0.515358160735,0.487131522756,0.996774658297
526,0.493076045981,0.499310518375,0.475961205291,0.997461150655
527,0.477679747591,0.480218594113,0.461070368238,0.998022763062
528,0.458821723399,0.458400708548,0.442832246222,0.998462100802
529,0.436974270924,0.434250753435,0.421700349555,0.998818156294
530,0.412675379301,0.408223539075,0.398191015711,0.999154064256
531,0.386508923215,0.380817916691,0.372864193316,0.999306386533
532,0.35908416535,0.35255874973,0.346303554391,0.999222062171
533,0.331015668792,0.323978811633,0.319097003442,0.998823453705
534,0.302904612109,0.295601608387,0.291818548937,0.997998273391
535,0.275322325094,0.26792597423,0.265012335867,0.996830932434
536,0.2487966404,0.241413085676,0.239179424886,0.995313007081
537,0.22380140681,0.216476303724,0.214767664077,0.99340541807
538,0.200749255866,0.19347400903,0.192164755207,0.990990753934
539,0.179987476605,0.172705361652,0.171694387604,0.988281432166
540,0.161796651527,0.154408714494,0.153615117387,0.985338676945
541,0.146391555264,0.138762252645,0.138121521161,0.982255323225
542,0.13392372457,0.125886328898,0.125347060216,0.97923718845
543,0.124485077922,0.115846922982,0.115368056929,0.976072115653
544,0.118111992954,0.108659666917,0.108208207639,0.97273613622
545,0.114789333172,0.10429394524,0.103843129003,0.969163075934
546,0.114454040682,0.102676686199,0.10220454743,0.96508537212
547,0.11699806476,0.103695595365,0.1031838804,0.960913617551
548,0.122270561293,0.10720173166,0.106635109762,0.956757147315
549,0.130079459096,0.113011472568,0.112376995633,0.952749699329
550,0.140192630711,0.120908046204,0.120194811366,0.949198176058
551,0.15233901436,0.130642910799,0.129841883436,0.945881128355
552,0.166210100244,0.14193732794,0.141041285875,0.942808716829
553,0.181462212144,0.154484498644,0.153488061694,0.940012118045
554,0.19771998248,0.16795260955,0.166852321736,0.937760110478
555,0.214581338143,0.181989072057,0.180783507033,0.935654433034
556,0.231624192446,0.196226136341,0.194915999917,0.933584621668
557,0.248414886128,0.210287934011,0.208876141206,0.931422496402
558,0.264518250987,0.223798859515,0.222290567499,0.928645003035
559,0.279508998833,0.236393054686,0.234795637234,0.925756698251
560,0.292983981899,0.247724626711,0.246047580447,0.922825232593
561,0.304574743582,0.2574781202,0.255732897793,0.919920427676
562,0.313959692937,0.265378689864,0.263578460313,0.917299251354
563,0.320875201972,0.271201389315,0.269360730292,0.914760141481
564,0.325124945952,0.274779007715,0.272913539389,0.91229424009
565,0.326586883459,0.27600794913,0.274133922691,0.909892341846
566,0.325217399382,0.274851754886,0.272985611893,0.907439119504
567,0.321052300583,0.271342008523,0.269499929097,0.905072132066
568,0.314204547048,0.265576524582,0.263773983111,0.902826811395
569,0.304858805139,0.257714892795,0.255966239331,0.900736591971
570,0.293263107314,0.247971614157,0.246289698045,0.899043678369
571,0.279718078578,0.236607211224,0.23500306088,0.897498744904
572,0.264564330238,0.22391781033,0.222400379699,0.896041783199
573,0.248168716179,0.21022376961,0.208799758011,0.894621121785
574,0.230910190081,0.195857959182,0.19453170721,0.892682964108
575,0.213165992619,0.181154287699,0.179927747998,0.890845804611
576,0.195298839256,0.166437016243,0.165309794485,0.889295486892
577,0.177645679281,0.152011312809,0.150980771438,0.888188762211
578,0.16050846576,0.138155388068,0.13721680333,0.88834177923
579,0.144147226475,0.125114426526,0.124261188219,0.889045726991
580,0.128775570776,0.113096398464,0.112320241573,0.890125790932
581,0.114558618776,0.10226971773,0.101560975672,0.891460043757
582,0.10161320819,0.0927626081786,0.0921104785576,0.892551484104
583,0.0900101283156,0.0846639639831,0.0840567793984,0.893761899092
584,0.0797780553661,0.0780254404893,0.077450938759,0.895169707771
585,0.0709088204052,0.0728644936967,0.0723100837014,0.896814249931
586,0.0633636295714,0.0691680960979,0.06862111705,0.899078676019
587,0.0570798724572,0.0668968901174,0.066344863275,0.901567156538
588,0.0519781929175,0.0659895914154,0.0654204639704,0.904126587628
589,0.0479695503849,0.0663675152392,0.0657698962578,0.906646418399
590,0.0449620615811,0.0679391615675,0.0673025494732,0.90846916199
591,0.0428674750305,0.0706048509825,0.0699198512196,0.910165636147
592,0.0416071873534,0.0742614458145,0.0735199761511,0.911947563621
593,0.0411177554117,0.0788072144062,0.078002694007,0.913947466531
594,0.0413558878887,0.0841468965331,0.0832744136447,0.916794607826
595,0.0423029113982,0.0901970035439,0.0892534555889,0.920013870532
596,0.0439686990553,0.0968913385375,0.0958755377913,0.923430266402
597,0.046395024792,0.104186653228,0.103099391187,0.926951655219
598,0.0496582674682,0.11206827472,0.110912338855,0.930124196498
599,0.0538713396009,0.120555444899,0.119335582744,0.933290398252
600,0.0591846623155,0.129706026764,0.128428854174,0.936592943206
601,0.0657859580764,0.139620155972,0.138294008781,0.9401061688
602,0.0738985937724,0.150442362514,0.149077093584,0.944480701315
603,0.0837781869165,0.162361666659,0.160968393195,0.949109509556
604,0.0957071947343,0.17560917339,0.174199982197,0.953679091006
605,0.109987246234,0.1904527565,0.189040377355,0.957995265157
606,0.12692905543,0.207188540168,0.205785999426,0.961158948469
607,0.146839871398,0.226129051043,0.224749318846,0.963795495967
608,0.170008575835,0.247588122171,0.246243767101,0.966203994265
609,0.196688725379,0.271862871473,0.270565736058,0.968524173432
610,0.227080043752,0.299213337339,0.297974246631,0.971323377501
611,0.261309083472,0.329840613971,0.328669127429,0.974249719433
612,0.299409980532,0.363864568093,0.362768782495,0.977134897876
613,0.341306397803,0.401302414018,0.400288822194,0.9799135202
614,0.386795873037,0.442049553643,0.441122960713,0.982219022933
615,0.435537835628,0.485864132057,0.485027627783,0.984327218818
616,0.487046516449,0.532356703161,0.531611686182,0.986396161757
617,0.540689836857,0.580986234709,0.580332481906,0.988506528712
618,0.595695123338,0.631063408531,0.6304991808,0.991357491091
619,0.651162159634,0.68176179893,0.681283973133,0.994334462377
620,0.706083674258,0.732137059474,0.731741275399,0.997052381581
621,0.75937289314,0.781153743696,0.7808345544,0.999289712714
622,0.80989729759,0.827718864005,0.827469877864,1.0
623,0.856517254922,0.870720795265,0.870534798293,0.999880591146
624,0.898127773218,0.909071696271,0.908940743795,0.999342339453
625,0.933701311205,0.941751292422,0.941666759762,0.998569785878
626,0.962329381839,0.967849668332,0.967802250886,0.99835702101
627,0.983260647199,0.986606682331,0.986586336219,0.998217638312
628,0.995933323967,0.99744574534,0.997441560679,0.997857153837
629,1.0,1.0,1.0,0.997157287687
630,0.99534338638,0.994129373335,0.99412023388,0.995619562175
631,0.982082065308,0.979927525965,0.979894212321,0.993538200716
632,0.960565901637,0.957718340857,0.957643660847,0.991100696922
633,0.931361417057,0.928042236513,0.927906313047,0.98837913032
634,0.895228031184,0.891633203111,0.89141287354,0.985732595899
635,0.853086605912,0.849387998148,0.849056153526,0.982923925965
636,0.805982148273,0.802329360727,0.801854244751,0.97979176659
637,0.755042803388,0.751565381924,0.750909876862,0.976263604034
638,0.701437387058,0.698247287215,0.697368222246,0.972161236864
639,0.646333665446,0.643527844859,0.642375370426,0.967525741727
640,0.590859399612,0.588522424152,0.587039503605,0.962371273999
641,0.536067859713,0.534274414626,0.532396490743,0.956678815106
642,0.482909110864,0.48172631513,0.479381213249,0.950256702983
643,0.43220791867,0.431697349172,0.428805479713,0.943272023183
644,0.38464865698,0.384867999757,0.381342919982,0.935847658271
645,0.340767160707,0.341771420147,0.337520807371,0.928052214062
646,0.300949083597,0.302791297496,0.297718373154,0.919868582523
647,0.265434017566,0.26816544648,0.262170872284,0.911458899168
648,0.234324419553,0.237994202707,0.230978446926,0.902960983526
649,0.207598277315,0.212252573641,0.204118718077,0.894486602283
650,0.185124421324,0.190805082063,0.181462009808,0.886901143972
651,0.166679443212,0.173422290281,0.162788162745,0.879489284423
652,0.151965293853,0.159798104379,0.147804005407,0.871763661828
653,0.140626785917,0.149567105879,0.136160703634,0.863457842465
654,0.132268395658,0.142321322847,0.127470378966,0.853157330761
655,0.126469928422,0.137626015083,0.121321557868,0.841872455886
656,0.122800766665,0.135034194034,0.117293170067,0.830229267605
657,0.12083254782,0.134099717355,0.114966945421,0.818532757843
658,0.120150216655,0.134388885979,0.11393815895,0.807959820267
659,0.12036146203,0.135490527849,0.113824741965,0.797835425767
660,0.12110458444,0.137024581215,0.114274816514,0.787800653041
661,0.122054854488,0.138649198253,0.114972726338,0.777730274765
662,0.12292942115,0.140066385092,0.115643637792,0.767131458032
663,0.12349082046,0.141026185439,0.116056776351,0.756296342034
664,0.123549127311,0.141329409502,0.116027355754,0.745374556917
665,0.12296279104,0.140828913168,0.115417252933,0.734420987335
666,0.121638202697,0.139429447573,0.114134486262,0.723807059955
667,0.119528059433,0.13708612667,0.112131568341,0.713223701242
668,0.116628617844,0.13380159807,0.109402826633,0.702495054519
669,0.11297596035,0.129622046347,0.105980812813,0.691522509785
670,0.108641432221,0.124632202741,0.101931950772,0.679736117722
671,0.103726436982,0.118949575206,0.0973515991976,0.667586853007
672,0.0983567998053,0.112718142471,0.0923587233188,0.655308930679
673,0.0926769186709,0.106101771195,0.0870903782578,0.643029618867
674,0.0868439190669,0.0992776136613,0.0816962013317,0.631255471639
675,0.0810220094532,0.0924297243312,0.0763330921905,0.619664562726
676,0.0753772027875,0.0857430983417,0.0711602290081,0.608124326588
677,0.0700725270845,0.079398287066,0.0663345288836,0.596582049645
678,0.0652637994223,0.0735666899147,0.0620066151353,0.584566262318
679,0.0610959880318,0.0684065633118,0.0583173080307,0.57252967614
680,0.057700141293,0.0640597331362,0.0553946136265,0.560696041592
681,0.0551908254351,0.0606489513471,0.0533511523381,0.549209126935
682,0.0536639883507,0.0582758054556,0.0522819482576,0.538910352088
683,0.0531951576861,0.0570190738912,0.0522624943817,0.52908096259
684,0.053837888044,0.0569334222229,0.0533470184507,0.519432510072
685,0.0556223937501,0.058048353777,0.0555668979484,0.509788660223
686,0.0585543374693,0.0603673606975,0.058929208185,0.49953682391
687,0.0626137867961,0.0638672635857,0.0634154300635,0.489051727829
688,0.0677543955375,0.0684977740309,0.0689803888456,0.478413093672
689,0.073902907921,0.0741813585116,0.0755515361922,0.467641155812
690,0.0809591166543,0.0808135182279,0.0830287192356,0.456435611837
691,0.0887964245298,0.0882636220571,0.091284597401,0.445230719183
692,0.0972631602835,0.0963764348654,0.100165866363,0.434223133377
693,0.106184780528,0.104974468519,0.109495426824,0.423574685983
694,0.115367050695,0.113861247815,0.119075593766,0.414066918806
695,0.124600241099,0.122825530101,0.128692381604,0.405040868657
696,0.133664303538,0.131646449622,0.138120826569,0.39634204219
697,0.142334915214,0.140099481319,0.147131225637,0.387864578028
698,0.15039019718,0.14796304107,0.155496088797,0.379080081135
699,0.157617841717,0.155025467717,0.162997526156,0.370456200007
700,0.163822324492,0.161092074239,0.169434731022,0.362084445247
701,0.16883183942,0.165991917452,0.174631181365,0.354036939802
702,0.172504581879,0.169583922708,0.178441169746,0.347095160346
703,0.174734021614,0.171762014591,0.180755288647,0.340344695585
704,0.175452850641,0.172458946949,0.181504544088,0.333555194984
705,0.174635360831,0.171648592985,0.180662842649,0.326487797414
706,0.172298095771,0.169346543831,0.178247690494,0.317768367492
707,0.16849872485,0.165608964998,0.17431905016,0.308846094492
708,0.163333195966,0.160529766301,0.168976413401,0.299988345696
709,0.156931328078,0.154236243533,0.162354256986,0.291517025662
710,0.149451097581,0.146883441113,0.154616144407,0.284628524265
711,0.141071945905,0.13864755698,0.145947812526,0.278158822287
712,0.13198748454,0.129718758918,0.136549632704,0.2719481941
713,0.122397994797,0.120293802204,0.12662885776,0.2658316818
714,0.112503112484,0.110568831531,0.116392058765,0.259601101479
715,0.102495054313,0.100732717403,0.106038121087,0.253176731444
716,0.092552687288,0.0909612226303,0.0957521116167,0.246423227185
717,0.0828366703271,0.0814122239009,0.0857002545374,0.239035227696
718,0.0734858155886,0.0722221330474,0.0760261684096,0.22986425862
719,0.0646147324701,0.0635035796676,0.0668484298288,0.220588991337
720,0.0563127365644,0.0553443374927,0.0582594454536,0.211639927333
721,0.0486439346982,0.0478074070161,0.0503255405399,0.203763306814
722,0.0416483398034,0.040932110533,0.0430881127377,0.198678834385
723,0.0353438284432,0.03473601555,0.0365656575529,0.194277858238
724,0.0297287303353,0.0292174794695,0.0307564475699,0.190178769384
725,0.0247848326188,0.0243586019854,0.0256416406956,0.185707667672
726,0.020480590042,0.020128379928,0.0211886014028,0.17967471986
727,0.0167743528963,0.016485879597,0.0173542403056,0.173507719326
728,0.0136174540075,0.0133832706068,0.0140882079018,0.167421558587
729,0.0109570308727,0.0107685994528,0.0113358142924,0.16173749088
730,0.00873849570139,0.0085882170514,0.00904058462555,0.156869745522
731,0.00690760173331,0.00678880950743,0.00714639685529,0.152508033176
732,0.00541208641555,0.00531901302412,0.00559918172887,0.148688556437
733,0.00420289919463,0.00413062057472,0.00434819302654,0.145784945609
734,0.00323504288986,0.00317940880303,0.00334687802312,0.144257662944
735,0.00246807259318,0.00242562834149,0.00255339363602,0.142765736155
736,0.00186630505736,0.00183420959722,0.0019308230527,0.1408610998
737,0.00139879526378,0.00137473972204,0.00144715148876,0.137475837076
738,0.00103913623697,0.00102126586923,0.00107505908238,0.131712742418
739,0.000765134250219,0.000751975984563,0.000791584871951,0.1251892956
740,0.000558405403847,0.000548802322117,0.000577709428153,0.118214841539
741,0.000403932128509,0.000396985574534,0.000417896025694,0.111098963974
742,0.000289610297572,0.00028462977378,0.00029962209941,0.104151083811
743,0.000205809974001,0.000202270591992,0.000212924806228,0.0976798403725
744,0.000144965831807,0.000142472806574,0.000149977287535,0.0919943289044
745,0.000101207268087,9.94667733054e-05,0.000104705994216,0.0880504769884
746,7.00332963317e-05,6.88289106261e-05,7.24543410703e-05,0.0861566525625
747,4.80335019385e-05,4.72074539553e-05,4.96940157694e-05,0.0851169813806
748,3.26535759768e-05,3.20920216552e-05,3.37824071543e-05,0.0846342982263
749,2.20020964099e-05,2.16237190971e-05,2.27627068993e-05,0.0843561570114
750,1.46941406955e-05,1.44414407087e-05,1.52021158146e-05,0.0840006008654
751,9.7268258532e-06,9.55955041897e-06,1.00630813461e-05,0.0833781876411
752,6.38182517788e-06,6.27207482416e-06,6.60244429899e-06,0.0822376756819
753,4.15016613004e-06,4.07879435345e-06,4.29363699904e-06,0.0794719223757
754,2.67505599052e-06,2.62905216981e-06,2.76753243497e-06,0.0752629230992
755,1.7090197724e-06,1.67962919536e-06,1.76810043188e-06,0.0707516077425
756,1.08220145663e-06,1.06359048102e-06,1.11961306343e-06,0.0663203885885
757,6.79228588712e-07,6.67547670507e-07,7.02709459797e-07,0.0629571405149
758,4.22542712602e-07,4.15276106122e-07,4.37149976088e-07,0.0606288306903
759,2.60538609547e-07,2.56058041093e-07,2.69545405794e-07,0.0588799577579
760,1.59228345371e-07,1.56490042965e-07,1.64732854917e-07,0.0576854024369
761,9.64529442814e-08,9.47942111663e-08,9.97873138709e-08,0.0576077975371
762,5.7910513042e-08,5.69146068371e-08,5.99124742578e-08,0.0581216084086
763,3.44624502136e-08,3.38697880836e-08,3.5653814011e-08,0.0585208356292
764,2.03273940916e-08,1.99778171867e-08,2.1030110273e-08,0.0584208741353
765,1.18840392738e-08,1.16796655283e-08,1.22948694402e-08,0.0562738812281
766,6.88641618107e-09,6.76798820928e-09,7.12447896771e-09,0.0528472541912
767,3.95520746951e-09,3.88718846132e-09,4.09193863521e-09,0.0488847527833
768,2.25160440054e-09,2.21288281656e-09,2.3294421617e-09,0.0446532313686
769,1.27046213072e-09,1.24861357417e-09,1.31438189206e-09,0.0404598420859
770,7.10523057522e-10,6.98303958008e-10,7.35085775573e-10,0.0365267071146
771,3.93859607418e-10,3.87086273763e-10,4.07475298543e-10,0.0330878406702
772,2.16397145372e-10,2.12675692245e-10,2.23877975181e-10,0.0303891761432
773,1.17844258269e-10,1.15817651668e-10,1.21918123655e-10,0.0302769671002
774,6.36080589712e-11,6.25141701885e-11,6.58069838362e-11,0.0310386761805
775,3.40300568796e-11,3.34448307605e-11,3.52064728784e-11,0.0318555494375
776,1.80451303255e-11,1.77348022638e-11,1.86689488542e-11,0.032204814908
777,9.48427606954e-12,9.32117184388e-12,9.81214663835e-12,0.0299933276503
778,4.94077602669e-12,4.85580787076e-12,5.11157820857e-12,0.0267811697708
779,2.55113219304e-12,2.50725953077e-12,2.63932460299e-12,0.0228820011908
780,1.30562234865e-12,1.28316913022e-12,1.35075759555e-12,0.0184725755096
